Epoch,Train Loss,Train IoU,Train Dice,Val Loss,Val IoU,Val Dice
1,0.6720246585073926,0.5034237966387433,0.5486105473055723,0.6458110737119402,0.8694177150953384,0.9040885343097506
